,topic_name,description,tag
0,Revenue Performance,"The company reported strong revenue growth in the first quarter, driven by the performance of its worldwide stores businesses and the international segment.",Revenue Related
1,Market Performance and Competition,"The company is experiencing growth in its worldwide stores businesses and staying ahead of the competition through competitive pricing, strong selection, and improved delivery speeds.",Market Related
2,Product or Service Updates,The company has been working on improving delivery speeds and convenience for customers.,Consumer Related
3,Strategic Initiatives,The company is investing in brand protection efforts and continuing to support third-party sellers.,Strategy
4,Operating Expenses,The company has made adjustments to its workforce and is focused on optimizing costs and improving efficiency.,Cost Related
5,Profitability,"The company reported net income and operating income for the first quarter, but also incurred severance charges that impacted profitability.",Revenue Related
6,Capital Expenditures and Investments,The company is focused on building long-term sustainable growth and investing in infrastructure to support customer needs.,Strategy
7,Cost Reduction in Fulfillment Network,The company has been working on reducing the cost to serve in its fulfillment network through process improvements and redesigning operations.,Cost Related
8,Expansion of Fulfillment Center Footprint,The company has expanded its fulfillment center footprint to meet increased demand.,Market Related
9,Redesigning Processes for Better Productivity,The company has been redesigning processes to drive better productivity in its fulfillment network.,Strategy
10,Transition to Regional Fulfillment Network,The company is transitioning from a national to a regional fulfillment network in the U.S.,Strategy
11,Geographic Expansion and Regional Operations,"The company has created interconnected regions to operate in a self-sufficient way, reducing costs and improving delivery times.",Market Related
12,Delivery Speed,The company is making progress in providing faster delivery options to customers.,Consumer Related
13,Advertising Growth,The company is experiencing robust growth in advertising revenue.,Revenue Related
14,Differentiation of AWS AI tools,AWS has a substantial investment in machine learning and offers a wide range of AI tools and services.,Strategy
15,Investment priorities for Echo and Alexa,The investment priorities for Echo and Alexa are not explicitly mentioned in the transcript.,Strategy
16,Customer Priorities and Resource Reallocation,The company is reprioritizing resources to focus on building new customer experiences.,Strategy
17,Cloud Growth,The company sees significant growth potential in the cloud market.,Market Related
18,Cost Streamlining,The company is focused on cost streamlining and evaluating the long-term potential of each initiative.,Cost Related
19,International segment,The company is seeing growth and margin improvements in the international segment.,Revenue Related
20,Physical stores and grocery strategy,The company is optimizing its stores and grocery business.,Market Related
21,Profitability,The company is working on improving profitability and reducing costs.,Revenue Related
22,Differentiation of AWS AI tools,AWS has a strong investment in machine learning and offers a wide range of AI tools and services.,Strategy
23,Investment priorities for Echo and Alexa,The investment priorities for Echo and Alexa are not explicitly mentioned in the transcript.,Strategy
24,Healthcare Business and Investments,"The company is considering making big investments in the healthcare industry, particularly in the U.S.",Strategy
25,Consumer spending,Consumers are seeking more convenient and streamlined experiences.,Consumer Related
26,Primary Care and Pharmacy Services,The company aims to provide primary care and pharmacy services.,Consumer Related
27,Kuiper Internet Connectivity,The company sees an opportunity to provide internet connectivity to underserved areas.,Market Related
