topic,description
Revenue Performance,"The company's worldwide net sales for the first quarter were $127.4 billion, showing a 9% year-over-year growth, or 11% excluding the impact of changes in foreign exchange rates. The growth was above the top end of the guidance range, with revenue acceleration in the international segment due to easing macroeconomic pressures in Europe. Customers appreciate the company's focus on pricing, selection, and convenience, including improved delivery speeds."
Consumer spending,"Consumers are being cautious with their spending due to uncertain economic environment and inflationary pressures, leading to moderated spending on discretionary categories and shifts to lower-priced items."
Revenue Performance,"Revenue from advertising services is up 23% year over year, excluding the impact from changes in foreign exchange rates, with strong engagement in sponsored product and brand offerings."
Strategic Initiatives,"Continued investment in brand protection efforts, including industry-leading technology, to provide a great selling experience free from bad actors."
Market Performance and Competition,"Third-party sellers, including businesses who utilize Fulfillment by Amazon, are a key contributor to the selection offered to customers."
Product or Service Updates,No topics
Profitability,No topics
Operating Expenses,No topics
Guidance for Future Quarters,No topics
Regulatory and Legal Issues,No topics
Capital Expenditures and Investments,No topics
Revenue Performance,"AWS net sales were $21.4 billion in the first quarter, up 16% year over year and representing an annualized sales run rate of more than $85 billion."
Consumer spending,"Customers of all sizes in all industries continue to look for cost savings across their businesses and evaluate ways to optimize their cloud spending in response to tough economic conditions."
Operating Expenses,"AWS sales and support teams continue to spend much of their time helping customers optimize their AWS spend."
Guidance for Future Quarters,"April revenue growth rates are about 500 basis points lower than what was seen in Q1, indicating a potential slowdown in revenue growth."
Operating Expenses,"The company made the difficult decision to eliminate 9,000 roles, impacting various departments including AWS, Twitch, devices, advertising, and human resources teams."
Revenue Performance,"In the first quarter, the company reported $4.8 billion in operating income, which exceeded the top end of their guidance range."
Profitability,"The operating income was negatively impacted by an estimated employee severance charge of approximately $470 million, including $270 million related to AWS."
Market Performance and Competition,"The company experienced year-over-year growth in stores revenue and unit sales that outpaced growth in fulfillment expense and outbound shipping costs."
Inflationary Pressures,"Inflationary pressures continued to ease quarter over quarter, primarily driven by reductions in linehaul shipping rates, as well as lower diesel fuel and electricity costs."
Productivity Improvements,"The company focused on improving productivity in their fulfillment network through continued process and tech improvements."
Profitability,"The company reported an overall net income of $3.2 billion in the first quarter, which includes a pre-tax valuation loss of $467 million from their common stock investment in Rivian Automotive."
Capital Expenditures and Investments,"The company is focused on building long-term sustainable growth in free cash flow and has seen an increase in operating cash flow. They expect capital investments to be lower in 2023 compared to 2022, primarily due to a decrease in fulfillment network investments. They are also investing in infrastructure to support customer needs, including large language models and generative AI."
Cost Reduction in Fulfillment Network,"The company has been focused on reducing the cost to serve in their fulfillment network by redesigning processes and rearchitecting their placement approach and fulfillment center footprint."
Expansion of Fulfillment Center Footprint,"Due to the unexpected surge in demand during the pandemic, the company doubled the size of their fulfillment center footprint and built a transportation network the size of UPS in a couple of years."
Redesigning Processes for Better Productivity,"The company has been redesigning dozens of processes to drive better productivity in their fulfillment network."
Transition to Regional Fulfillment Network,"The company is transitioning from a national fulfillment network in the U.S. to a regional one."
Geographic Expansion and Regional Operations,"The company has created eight interconnected regions to operate in a self-sufficient way, reducing costs and improving delivery speed."
Delivery Speed and Prime Services,"The company is focused on providing customers with faster delivery options, including one-day and same-day deliveries, and aims to have its fastest Prime delivery speeds ever in 2023."
Advertising Growth,"Despite wider advertising trends, the company continues to deliver robust growth in advertising revenue, attributed to its large customer base and e-commerce platform."
Revenue Performance,"The company's investment in machine learning has resulted in successful advertisements, leading to increased interest from brands to advertise on Amazon."
Consumer spending,"Customers are being cautious with their spending and are looking for ways to save money during this uncertain time. They are focused on cost optimization rather than cost-cutting and are reallocating resources towards new customer experiences."
Operating Expenses,"The company is actively helping customers find ways to spend less during this challenging time, which is beneficial for customers in the long term."
Strategic Initiatives,"The company is still in the early stages of placing ads in their broader video, live sports, audio, and grocery properties, indicating potential growth opportunities in advertising."
Guidance for Future Quarters,"Enterprises are continuing to be cautious in their spending, suggesting potential challenges in the upcoming quarters."
Revenue Performance,"The speaker discusses the positive fundamentals of AWS, including a strong new customer pipeline, ongoing migrations of workloads to AWS, rapid product innovation, and a large partner ecosystem. They also mention the potential for significant new cloud business in the coming years from machine learning."
Cost Streamlining,"The company has been focused on cost streamlining and evaluating the long-term potential of each initiative to drive revenue, operating income, free cash flow, and return on invested capital. This has led to the closure of certain businesses and changes to programs that were not producing the desired returns."
Capital Expenditures and Investments,"The company has spent $59 billion on capex last year, with a focus on core fulfillment and transportation areas. They are now shifting some of those funds towards AWS, as well as investing in large language models and generative AI. They expect the combined capex to be lower year over year."
Consumer spending,"Customers are being cautious about spending due to the uncertain economy, and are looking for ways to save money."
Cost optimization,"The company is focused on helping customers find smart ways to optimize their costs and scale their businesses."
Customer Priorities and Resource Allocation,"The company is reprioritizing its resources to focus on what matters most to its business and to build new customer experiences. This is not a cost-cutting effort, but rather a reallocation of resources to drive growth in the cloud."
Profitability,"The company is focused on driving greater levels of efficiencies and returning to pre-pandemic margin structures while balancing profitability and growth initiatives."
Profitability,"The company is making progress on recovering its cost structure and getting it back to pre-pandemic levels, but there is still a lot of work ahead, especially on the operational side."
Operating Expenses,"The company has taken a hard look at all of its businesses