Topic,Description
Guidance for Future Quarters,April revenue growth rates are about 500 basis points lower than what was seen in Q1, indicating a potential slowdown in revenue growth.
Operating Expenses,The company made the difficult decision to eliminate 9,000 roles, impacting various departments including AWS, Twitch, devices, advertising, and human resources teams.
Revenue Performance,In the first quarter, the company reported $4.8 billion in operating income, which exceeded the top end of their guidance range.
Profitability,The operating income was negatively impacted by an estimated employee severance charge of approximately $470 million, including $270 million related to AWS.
Market Performance and Competition,The company experienced year-over-year growth in stores revenue and unit sales that outpaced growth in fulfillment expense and outbound shipping costs.
Inflationary Pressures,Inflationary pressures continued to ease quarter over quarter, primarily driven by reductions in linehaul shipping rates, as well as lower diesel fuel and electricity costs.
Productivity Improvements,The company focused on improving productivity in their fulfillment network through continued process and tech improvements.
Profitability,The company reported an overall net income of $3.2 billion in the first quarter, which includes a pre-tax valuation loss of $467 million from their common stock investment in Rivian Automotive.
Capital Expenditures and Investments,The company is focused on building long-term sustainable growth in free cash flow and has seen an increase in operating cash flow. They expect capital investments to be lower in 2023 compared to 2022, primarily due to a decrease in fulfillment network investments. They are also investing in infrastructure to support customer needs, including large language models and generative AI.
Cost Reduction in Fulfillment Network,The company has been focused on reducing the cost to serve in their fulfillment network by redesigning processes and rearchitecting their placement approach and fulfillment center footprint.
Expansion of Fulfillment Center Footprint,Due to the unexpected surge in demand during the pandemic, the company doubled the size of their fulfillment center footprint and built a transportation network the size of UPS in a couple of years.
Redesigning Processes for Better Productivity,The company has been redesigning dozens of processes to drive better productivity in their fulfillment network.
Transition to Regional Fulfillment Network,The company is transitioning from a national fulfillment network in the U.S. to a regional one.
Geographic Expansion and Regional Operations,The company has created eight interconnected regions to operate in a self-sufficient way, reducing costs and improving delivery speed.
Delivery Speed and Prime Services,The company is focused on providing customers with faster delivery options, including one-day and same-day deliveries, and aims to have its fastest Prime delivery speeds ever in 2023.